time,type,angle,power,powerL,powerR,raw
19.796,CMD,,,,, ?
19.814,MSG,,,,, kp=50.00 ki=2.00 kd=10.00 kspd=5.00 kdst=0.14 po=0.00
34.011,MSG,,,,, Motor: ON (offset=89.9)
34.329,D,0.2,0,1249,1751,D,0.2,0,1249,1751
34.349,D,0.3,0,1249,1751,D,0.3,0,1249,1751
34.368,D,0.4,0,1249,1751,D,0.4,0,1249,1751
34.410,D,0.2,0,1249,1751,D,0.2,0,1249,1751
34.510,D,0.1,0,1249,1751,D,0.1,0,1249,1751
34.612,D,-3.8,194,1694,1306,D,-3.8,194,1694,1306
34.712,D,-0.4,73,1573,1427,D,-0.4,73,1573,1427
34.812,D,-0.1,72,1572,1428,D,-0.1,72,1572,1428
34.913,D,-6.2,331,1831,1169,D,-6.2,331,1831,1169
35.012,D,-0.8,77,1577,1423,D,-0.8,77,1577,1423
35.112,D,-2.1,168,1668,1332,D,-2.1,168,1668,1332
35.212,D,-0.2,145,1645,1355,D,-0.2,145,1645,1355
35.312,D,-2.0,95,1595,1405,D,-2.0,95,1595,1405
35.412,D,-0.8,71,1571,1429,D,-0.8,71,1571,1429
35.512,D,-1.4,31,1531,1469,D,-1.4,31,1531,1469
35.612,D,-1.5,191,1691,1309,D,-1.5,191,1691,1309
35.712,D,-0.2,137,1637,1363,D,-0.2,137,1637,1363
35.812,D,-0.1,109,1609,1391,D,-0.1,109,1609,1391
35.912,D,-0.1,205,1705,1295,D,-0.1,205,1705,1295
36.012,D,0.0,210,1710,1290,D,0.0,210,1710,1290
36.112,D,-0.4,57,1557,1443,D,-0.4,57,1557,1443
36.212,D,-2.4,40,1540,1460,D,-2.4,40,1540,1460
36.312,D,-1.4,-159,1341,1659,D,-1.4,-159,1341,1659
36.413,D,-0.3,-400,1100,1900,D,-0.3,-400,1100,1900
36.513,D,-0.6,-400,1100,1900,D,-0.6,-400,1100,1900
36.613,D,-0.4,-400,1100,1900,D,-0.4,-400,1100,1900
36.713,D,-0.2,-400,1100,1900,D,-0.2,-400,1100,1900
36.813,D,-0.3,-400,1100,1900,D,-0.3,-400,1100,1900
36.913,D,-0.3,-400,1100,1900,D,-0.3,-400,1100,1900
37.013,D,-0.7,-400,1100,1900,D,-0.7,-400,1100,1900
37.112,D,-0.1,-6,1494,1506,D,-0.1,-6,1494,1506
37.212,D,0.0,-132,1368,1632,D,0.0,-132,1368,1632
37.313,D,-0.5,-183,1317,1683,D,-0.5,-183,1317,1683
37.412,D,0.4,-153,1347,1653,D,0.4,-153,1347,1653
37.512,D,0.3,-169,1331,1669,D,0.3,-169,1331,1669
37.612,D,0.3,-17,1483,1517,D,0.3,-17,1483,1517
37.712,D,-1.7,127,1627,1373,D,-1.7,127,1627,1373
37.812,D,-0.0,40,1540,1460,D,-0.0,40,1540,1460
37.913,D,-4.9,263,1763,1237,D,-4.9,263,1763,1237
38.012,D,-0.7,364,1864,1136,D,-0.7,364,1864,1136
38.113,D,-0.4,158,1658,1342,D,-0.4,158,1658,1342
38.212,D,-1.1,85,1585,1415,D,-1.1,85,1585,1415
38.312,D,-0.3,400,1900,1100,D,-0.3,400,1900,1100
38.413,D,-0.5,366,1866,1134,D,-0.5,366,1866,1134
38.512,D,0.3,84,1584,1416,D,0.3,84,1584,1416
38.612,D,-0.6,400,1900,1100,D,-0.6,400,1900,1100
38.712,D,-1.9,379,1879,1121,D,-1.9,379,1879,1121
38.812,D,0.4,-347,1153,1847,D,0.4,-347,1153,1847
38.912,D,-5.3,140,1640,1360,D,-5.3,140,1640,1360
39.012,D,-2.7,98,1598,1402,D,-2.7,98,1598,1402
39.113,D,-1.5,164,1664,1336,D,-1.5,164,1664,1336
39.213,D,-5.6,197,1697,1303,D,-5.6,197,1697,1303
39.313,D,-6.7,400,1900,1100,D,-6.7,400,1900,1100
39.412,D,-0.9,-7,1493,1507,D,-0.9,-7,1493,1507
39.512,D,-2.4,96,1596,1404,D,-2.4,96,1596,1404
39.612,D,-1.7,-30,1470,1530,D,-1.7,-30,1470,1530
39.713,D,-1.5,48,1548,1452,D,-1.5,48,1548,1452
39.812,D,-7.3,178,1678,1322,D,-7.3,178,1678,1322
39.912,D,-3.5,-28,1472,1528,D,-3.5,-28,1472,1528
40.012,D,-2.7,22,1522,1478,D,-2.7,22,1522,1478
40.112,D,-4.1,-65,1435,1565,D,-4.1,-65,1435,1565
40.213,D,-2.7,-180,1320,1680,D,-2.7,-180,1320,1680
40.313,D,-3.4,110,1610,1390,D,-3.4,110,1610,1390
40.412,D,-0.7,-197,1303,1697,D,-0.7,-197,1303,1697
40.512,D,-1.4,-209,1291,1709,D,-1.4,-209,1291,1709
40.612,D,-0.8,-213,1287,1713,D,-0.8,-213,1287,1713
40.712,D,-1.1,107,1607,1393,D,-1.1,107,1607,1393
40.812,D,0.4,-215,1285,1715,D,0.4,-215,1285,1715
40.913,D,0.0,-211,1289,1711,D,0.0,-211,1289,1711
41.013,D,0.2,-288,1212,1788,D,0.2,-288,1212,1788
41.113,D,0.0,-155,1345,1655,D,0.0,-155,1345,1655
41.213,D,0.2,-219,1281,1719,D,0.2,-219,1281,1719
41.312,D,0.2,-221,1279,1721,D,0.2,-221,1279,1721
41.412,D,-4.2,-13,1487,1513,D,-4.2,-13,1487,1513
41.512,D,-0.5,81,1581,1419,D,-0.5,81,1581,1419
41.612,D,-3.8,131,1631,1369,D,-3.8,131,1631,1369
41.712,D,-1.0,73,1573,1427,D,-1.0,73,1573,1427
41.813,D,-4.0,400,1900,1100,D,-4.0,400,1900,1100
41.912,D,-0.4,19,1519,1481,D,-0.4,19,1519,1481
42.013,D,-6.5,400,1900,1100,D,-6.5,400,1900,1100
42.112,D,-5.1,400,1900,1100,D,-5.1,400,1900,1100
42.212,D,-6.6,320,1820,1180,D,-6.6,320,1820,1180
42.312,D,-0.6,71,1571,1429,D,-0.6,71,1571,1429
42.413,D,-6.2,190,1690,1310,D,-6.2,190,1690,1310
42.512,D,-2.8,62,1562,1438,D,-2.8,62,1562,1438
42.612,D,-0.6,-34,1466,1534,D,-0.6,-34,1466,1534
42.712,D,-1.2,-187,1313,1687,D,-1.2,-187,1313,1687
42.812,D,-3.1,-400,1100,1900,D,-3.1,-400,1100,1900
42.912,D,-1.1,-147,1353,1647,D,-1.1,-147,1353,1647
43.012,D,0.2,-231,1269,1731,D,0.2,-231,1269,1731
43.112,D,0.2,-181,1319,1681,D,0.2,-181,1319,1681
43.213,D,0.4,-255,1245,1755,D,0.4,-255,1245,1755
43.313,D,0.3,-246,1254,1746,D,0.3,-246,1254,1746
43.412,D,0.4,-270,1230,1770,D,0.4,-270,1230,1770
43.512,D,0.2,-211,1289,1711,D,0.2,-211,1289,1711
43.613,D,0.2,-172,1328,1672,D,0.2,-172,1328,1672
43.712,D,-4.4,-57,1443,1557,D,-4.4,-57,1443,1557
43.812,D,-0.6,42,1542,1458,D,-0.6,42,1542,1458
43.912,D,-0.3,17,1517,1483,D,-0.3,17,1517,1483
44.012,D,-1.6,51,1551,1449,D,-1.6,51,1551,1449
44.112,D,-0.1,15,1515,1485,D,-0.1,15,1515,1485
44.213,D,-0.5,75,1575,1425,D,-0.5,75,1575,1425
44.312,D,-2.4,45,1545,1455,D,-2.4,45,1545,1455
44.412,D,-1.9,65,1565,1435,D,-1.9,65,1565,1435
44.513,D,-0.2,110,1610,1390,D,-0.2,110,1610,1390
44.612,D,-4.1,151,1651,1349,D,-4.1,151,1651,1349
44.713,D,-4.4,228,1728,1272,D,-4.4,228,1728,1272
44.812,D,-2.3,26,1526,1474,D,-2.3,26,1526,1474
44.912,D,-3.6,223,1723,1277,D,-3.6,223,1723,1277
45.011,D,-0.9,289,1789,1211,D,-0.9,289,1789,1211
45.113,D,-3.6,158,1658,1342,D,-3.6,158,1658,1342
45.213,D,-1.4,249,1749,1251,D,-1.4,249,1749,1251
45.313,D,-0.1,-200,1300,1700,D,-0.1,-200,1300,1700
45.413,D,0.0,-400,1100,1900,D,0.0,-400,1100,1900
45.512,D,0.4,-57,1443,1557,D,0.4,-57,1443,1557
45.613,D,0.0,-187,1313,1687,D,0.0,-187,1313,1687
45.713,D,0.2,-315,1185,1815,D,0.2,-315,1185,1815
45.813,D,-3.7,-151,1349,1651,D,-3.7,-151,1349,1651
45.913,D,0.2,-181,1319,1681,D,0.2,-181,1319,1681
46.012,D,-0.1,-46,1454,1546,D,-0.1,-46,1454,1546
46.113,D,-1.6,186,1686,1314,D,-1.6,186,1686,1314
46.212,D,-1.2,116,1616,1384,D,-1.2,116,1616,1384
46.312,D,-0.4,10,1510,1490,D,-0.4,10,1510,1490
46.412,D,-1.3,-8,1492,1508,D,-1.3,-8,1492,1508
46.513,D,0.1,-384,1116,1884,D,0.1,-384,1116,1884
46.612,D,-0.3,27,1527,1473,D,-0.3,27,1527,1473
46.712,D,0.1,35,1535,1465,D,0.1,35,1535,1465
46.813,D,-0.7,-148,1352,1648,D,-0.7,-148,1352,1648
46.913,D,-0.8,32,1532,1468,D,-0.8,32,1532,1468
47.012,D,-0.3,84,1584,1416,D,-0.3,84,1584,1416
47.112,D,-1.3,18,1518,1482,D,-1.3,18,1518,1482
47.212,D,0.1,86,1586,1414,D,0.1,86,1586,1414
47.312,D,-2.5,54,1554,1446,D,-2.5,54,1554,1446
47.412,D,-4.3,131,1631,1369,D,-4.3,131,1631,1369
47.513,D,-0.5,38,1538,1462,D,-0.5,38,1538,1462
47.613,D,-2.4,108,1608,1392,D,-2.4,108,1608,1392
47.712,D,-0.3,123,1623,1377,D,-0.3,123,1623,1377
47.813,D,-0.2,122,1622,1378,D,-0.2,122,1622,1378
47.912,D,-0.2,54,1554,1446,D,-0.2,54,1554,1446
48.012,D,-0.1,-33,1467,1533,D,-0.1,-33,1467,1533
48.113,D,0.2,-376,1124,1876,D,0.2,-376,1124,1876
48.212,D,-0.9,102,1602,1398,D,-0.9,102,1602,1398
48.312,D,-0.2,124,1624,1376,D,-0.2,124,1624,1376
48.412,D,0.3,60,1560,1440,D,0.3,60,1560,1440
48.513,D,-0.7,-226,1274,1726,D,-0.7,-226,1274,1726
48.612,D,-2.1,-276,1224,1776,D,-2.1,-276,1224,1776
48.713,D,-0.5,-257,1243,1757,D,-0.5,-257,1243,1757
48.813,D,-0.2,-400,1100,1900,D,-0.2,-400,1100,1900
48.913,D,-0.2,-400,1100,1900,D,-0.2,-400,1100,1900
49.013,D,-0.4,-121,1379,1621,D,-0.4,-121,1379,1621
49.112,D,-0.0,-81,1419,1581,D,-0.0,-81,1419,1581
49.213,D,0.0,237,1737,1263,D,0.0,237,1737,1263
49.313,D,0.3,120,1620,1380,D,0.3,120,1620,1380
49.413,D,0.3,173,1673,1327,D,0.3,173,1673,1327
49.512,D,0.2,120,1620,1380,D,0.2,120,1620,1380
49.612,D,-1.8,-117,1383,1617,D,-1.8,-117,1383,1617
49.713,D,-1.8,-120,1380,1620,D,-1.8,-120,1380,1620
49.814,D,-0.0,-272,1228,1772,D,-0.0,-272,1228,1772
49.913,D,-0.4,-113,1387,1613,D,-0.4,-113,1387,1613
50.013,D,-0.4,-397,1103,1897,D,-0.4,-397,1103,1897
50.113,D,-0.5,-161,1339,1661,D,-0.5,-161,1339,1661
50.213,D,-1.5,275,1775,1225,D,-1.5,275,1775,1225
50.313,D,-2.3,400,1900,1100,D,-2.3,400,1900,1100
50.413,D,-1.7,187,1687,1313,D,-1.7,187,1687,1313
50.513,D,-0.2,121,1621,1379,D,-0.2,121,1621,1379
50.612,D,-0.1,-45,1455,1545,D,-0.1,-45,1455,1545
50.713,D,-0.2,-240,1260,1740,D,-0.2,-240,1260,1740
50.812,D,-0.1,-54,1446,1554,D,-0.1,-54,1446,1554
50.913,D,-0.2,-325,1175,1825,D,-0.2,-325,1175,1825
51.013,D,-0.4,-211,1289,1711,D,-0.4,-211,1289,1711
51.113,D,0.1,-113,1387,1613,D,0.1,-113,1387,1613
51.212,D,0.2,-25,1475,1525,D,0.2,-25,1475,1525
51.313,D,0.2,150,1650,1350,D,0.2,150,1650,1350
51.412,D,0.2,112,1612,1388,D,0.2,112,1612,1388
51.512,D,0.1,147,1647,1353,D,0.1,147,1647,1353
51.612,D,0.3,139,1639,1361,D,0.3,139,1639,1361
51.713,D,0.2,152,1652,1348,D,0.2,152,1652,1348
51.812,D,0.0,242,1742,1258,D,0.0,242,1742,1258
51.913,D,0.0,225,1725,1275,D,0.0,225,1725,1275
52.013,D,-1.2,362,1862,1138,D,-1.2,362,1862,1138
52.113,D,-0.2,400,1900,1100,D,-0.2,400,1900,1100
52.213,D,0.3,340,1840,1160,D,0.3,340,1840,1160
52.313,D,0.5,-53,1447,1553,D,0.5,-53,1447,1553
52.413,D,0.3,365,1865,1135,D,0.3,365,1865,1135
52.513,D,0.2,400,1900,1100,D,0.2,400,1900,1100
52.613,D,0.3,-400,1100,1900,D,0.3,-400,1100,1900
52.713,D,0.3,-302,1198,1802,D,0.3,-302,1198,1802
52.813,D,-0.2,-400,1100,1900,D,-0.2,-400,1100,1900
52.912,D,0.3,2,1502,1498,D,0.3,2,1502,1498
53.013,D,0.4,171,1671,1329,D,0.4,171,1671,1329
53.113,D,0.2,400,1900,1100,D,0.2,400,1900,1100
53.212,D,0.3,44,1544,1456,D,0.3,44,1544,1456
53.312,D,0.3,-10,1490,1510,D,0.3,-10,1490,1510
53.412,D,0.5,-197,1303,1697,D,0.5,-197,1303,1697
53.513,D,-0.2,-400,1100,1900,D,-0.2,-400,1100,1900
53.613,D,-2.3,-400,1100,1900,D,-2.3,-400,1100,1900
53.713,D,-1.4,-285,1215,1785,D,-1.4,-285,1215,1785
53.813,D,-3.5,184,1684,1316,D,-3.5,184,1684,1316
53.913,D,-2.3,400,1900,1100,D,-2.3,400,1900,1100
54.013,D,-3.2,400,1900,1100,D,-3.2,400,1900,1100
54.113,D,0.8,400,1900,1100,D,0.8,400,1900,1100
54.213,D,2.2,-400,1100,1900,D,2.2,-400,1100,1900
54.313,D,-5.4,325,1825,1175,D,-5.4,325,1825,1175
54.413,D,-1.0,286,1786,1214,D,-1.0,286,1786,1214
54.513,D,-3.5,400,1900,1100,D,-3.5,400,1900,1100
54.613,D,-1.0,-113,1387,1613,D,-1.0,-113,1387,1613
54.713,D,3.2,-400,1100,1900,D,3.2,-400,1100,1900
54.813,D,2.1,-338,1162,1838,D,2.1,-338,1162,1838
54.912,D,-1.2,24,1524,1476,D,-1.2,24,1524,1476
55.013,D,-0.5,-159,1341,1659,D,-0.5,-159,1341,1659
55.112,D,-0.3,-96,1404,1596,D,-0.3,-96,1404,1596
55.213,D,-2.0,-65,1435,1565,D,-2.0,-65,1435,1565
55.313,D,-1.8,-103,1397,1603,D,-1.8,-103,1397,1603
55.413,D,-0.9,-72,1428,1572,D,-0.9,-72,1428,1572
55.513,D,-0.8,-71,1429,1571,D,-0.8,-71,1429,1571
55.613,D,-0.2,-88,1412,1588,D,-0.2,-88,1412,1588
55.713,D,-0.5,-33,1467,1533,D,-0.5,-33,1467,1533
55.813,D,-0.2,-20,1480,1520,D,-0.2,-20,1480,1520
55.913,D,-7.2,261,1761,1239,D,-7.2,261,1761,1239
56.012,D,-1.0,61,1561,1439,D,-1.0,61,1561,1439
56.112,D,-0.1,30,1530,1470,D,-0.1,30,1530,1470
56.213,D,-1.7,352,1852,1148,D,-1.7,352,1852,1148
56.313,D,-3.0,400,1900,1100,D,-3.0,400,1900,1100
56.413,D,-2.4,-170,1330,1670,D,-2.4,-170,1330,1670
56.513,D,-2.9,-283,1217,1783,D,-2.9,-283,1217,1783
56.613,D,-9.7,400,1900,1100,D,-9.7,400,1900,1100
56.712,D,-6.2,198,1698,1302,D,-6.2,198,1698,1302
56.813,D,-7.6,400,1900,1100,D,-7.6,400,1900,1100
56.913,D,-6.2,211,1711,1289,D,-6.2,211,1711,1289
57.013,D,-0.4,-108,1392,1608,D,-0.4,-108,1392,1608
57.113,D,-1.7,257,1757,1243,D,-1.7,257,1757,1243
57.213,D,-14.6,400,1900,1100,D,-14.6,400,1900,1100
57.312,D,-5.2,174,1674,1326,D,-5.2,174,1674,1326
57.412,D,-4.6,-29,1471,1529,D,-4.6,-29,1471,1529
57.513,D,-1.5,-303,1197,1803,D,-1.5,-303,1197,1803
57.611,D,-5.5,61,1561,1439,D,-5.5,61,1561,1439
57.712,D,-5.6,9,1509,1491,D,-5.6,9,1509,1491
57.812,D,-2.4,134,1634,1366,D,-2.4,134,1634,1366
57.912,D,-4.4,-97,1403,1597,D,-4.4,-97,1403,1597
58.013,D,-0.4,-205,1295,1705,D,-0.4,-205,1295,1705
58.113,D,-1.5,-138,1362,1638,D,-1.5,-138,1362,1638
58.213,D,-3.8,-182,1318,1682,D,-3.8,-182,1318,1682
58.313,D,-0.7,-274,1226,1774,D,-0.7,-274,1226,1774
58.413,D,-0.6,-290,1210,1790,D,-0.6,-290,1210,1790
58.513,D,-4.3,-196,1304,1696,D,-4.3,-196,1304,1696
58.612,D,-2.8,7,1507,1493,D,-2.8,7,1507,1493
58.713,D,-7.9,267,1767,1233,D,-7.9,267,1767,1233
58.812,D,-1.8,-1,1499,1501,D,-1.8,-1,1499,1501
58.913,D,-10.8,400,1900,1100,D,-10.8,400,1900,1100
59.012,D,-1.5,54,1554,1446,D,-1.5,54,1554,1446
59.113,D,-16.7,400,1900,1100,D,-16.7,400,1900,1100
59.212,D,-1.7,14,1514,1486,D,-1.7,14,1514,1486
59.313,D,-0.7,-55,1445,1555,D,-0.7,-55,1445,1555
59.413,D,-12.3,400,1900,1100,D,-12.3,400,1900,1100
59.513,D,-4.4,-233,1267,1733,D,-4.4,-233,1267,1733
59.613,D,-3.6,-58,1442,1558,D,-3.6,-58,1442,1558
59.713,D,-4.1,95,1595,1405,D,-4.1,95,1595,1405
59.813,D,-2.8,-177,1323,1677,D,-2.8,-177,1323,1677
59.913,D,-3.9,400,1900,1100,D,-3.9,400,1900,1100
60.013,D,-13.3,320,1820,1180,D,-13.3,320,1820,1180
60.113,D,-4.8,138,1638,1362,D,-4.8,138,1638,1362
60.213,D,-1.4,-267,1233,1767,D,-1.4,-267,1233,1767
60.313,D,-9.8,170,1670,1330,D,-9.8,170,1670,1330
60.413,D,-2.5,-369,1131,1869,D,-2.5,-369,1131,1869
60.513,D,-2.0,-167,1333,1667,D,-2.0,-167,1333,1667
60.613,D,0.3,-396,1104,1896,D,0.3,-396,1104,1896
60.713,D,0.5,-400,1100,1900,D,0.5,-400,1100,1900
60.813,D,-5.4,-93,1407,1593,D,-5.4,-93,1407,1593
60.913,D,-3.0,-317,1183,1817,D,-3.0,-317,1183,1817
61.013,D,-3.1,-241,1259,1741,D,-3.1,-241,1259,1741
61.113,D,-5.9,185,1685,1315,D,-5.9,185,1685,1315
61.213,D,-9.1,400,1900,1100,D,-9.1,400,1900,1100
61.313,D,-1.3,2,1502,1498,D,-1.3,2,1502,1498
61.412,D,-2.9,-8,1492,1508,D,-2.9,-8,1492,1508
61.512,D,-3.5,8,1508,1492,D,-3.5,8,1508,1492
61.613,D,-4.7,126,1626,1374,D,-4.7,126,1626,1374
61.713,D,-1.3,-116,1384,1616,D,-1.3,-116,1384,1616
61.813,D,-8.3,167,1667,1333,D,-8.3,167,1667,1333
61.913,D,-0.8,-138,1362,1638,D,-0.8,-138,1362,1638
62.013,D,-5.4,-73,1427,1573,D,-5.4,-73,1427,1573
62.113,D,-1.0,-166,1334,1666,D,-1.0,-166,1334,1666
62.211,D,-3.9,-83,1417,1583,D,-3.9,-83,1417,1583
62.313,D,-0.4,-134,1366,1634,D,-0.4,-134,1366,1634
62.413,D,-1.6,-280,1220,1780,D,-1.6,-280,1220,1780
62.513,D,-1.1,-286,1214,1786,D,-1.1,-286,1214,1786
62.613,D,-1.2,-274,1226,1774,D,-1.2,-274,1226,1774
62.713,D,-4.7,-33,1467,1533,D,-4.7,-33,1467,1533
62.813,D,-11.9,386,1886,1114,D,-11.9,386,1886,1114
62.913,D,-7.2,262,1762,1238,D,-7.2,262,1762,1238
63.013,D,-6.8,180,1680,1320,D,-6.8,180,1680,1320
63.114,D,-15.4,400,1900,1100,D,-15.4,400,1900,1100
63.212,D,-3.3,130,1630,1370,D,-3.3,130,1630,1370
63.313,D,-15.7,400,1900,1100,D,-15.7,400,1900,1100
63.413,D,-8.6,260,1760,1240,D,-8.6,260,1760,1240
63.513,D,-5.0,172,1672,1328,D,-5.0,172,1672,1328
63.611,D,-4.0,-30,1470,1530,D,-4.0,-30,1470,1530
63.714,D,-15.8,400,1900,1100,D,-15.8,400,1900,1100
63.813,D,-1.7,-79,1421,1579,D,-1.7,-79,1421,1579
63.913,D,-9.2,188,1688,1312,D,-9.2,188,1688,1312
64.013,D,-10.8,201,1701,1299,D,-10.8,201,1701,1299
64.113,D,-10.3,257,1757,1243,D,-10.3,257,1757,1243
64.213,D,-2.4,-12,1488,1512,D,-2.4,-12,1488,1512
64.313,D,-10.1,162,1662,1338,D,-10.1,162,1662,1338
64.413,D,-1.4,-184,1316,1684,D,-1.4,-184,1316,1684
64.513,D,-6.1,93,1593,1407,D,-6.1,93,1593,1407
64.613,D,-7.4,123,1623,1377,D,-7.4,123,1623,1377
64.713,D,-4.2,-197,1303,1697,D,-4.2,-197,1303,1697
64.812,D,-8.6,53,1553,1447,D,-8.6,53,1553,1447
64.913,D,-0.7,-334,1166,1834,D,-0.7,-334,1166,1834
65.013,D,-1.3,-307,1193,1807,D,-1.3,-307,1193,1807
65.113,D,-0.9,-373,1127,1873,D,-0.9,-373,1127,1873
65.213,D,-12.1,362,1862,1138,D,-12.1,362,1862,1138
65.313,D,-16.9,400,1900,1100,D,-16.9,400,1900,1100
65.413,D,-2.0,192,1692,1308,D,-2.0,192,1692,1308
65.513,D,-6.5,232,1732,1268,D,-6.5,232,1732,1268
65.613,D,-2.0,-25,1475,1525,D,-2.0,-25,1475,1525
65.713,D,-4.5,51,1551,1449,D,-4.5,51,1551,1449
65.812,D,-2.2,9,1509,1491,D,-2.2,9,1509,1491
65.913,D,-17.0,400,1900,1100,D,-17.0,400,1900,1100
66.013,D,-4.1,115,1615,1385,D,-4.1,115,1615,1385
66.113,D,-1.1,-65,1435,1565,D,-1.1,-65,1435,1565
66.213,D,-17.7,400,1900,1100,D,-17.7,400,1900,1100
66.313,D,-2.7,-123,1377,1623,D,-2.7,-123,1377,1623
66.413,D,-10.9,298,1798,1202,D,-10.9,298,1798,1202
66.512,D,-2.8,2,1502,1498,D,-2.8,2,1502,1498
66.613,D,-10.3,209,1709,1291,D,-10.3,209,1709,1291
66.713,D,-5.0,23,1523,1477,D,-5.0,23,1523,1477
66.812,D,-5.8,0,1500,1500,D,-5.8,0,1500,1500
66.913,D,-12.0,283,1783,1217,D,-12.0,283,1783,1217
67.013,D,-4.1,-101,1399,1601,D,-4.1,-101,1399,1601
67.113,D,-2.9,-145,1355,1645,D,-2.9,-145,1355,1645
67.213,D,-2.0,-195,1305,1695,D,-2.0,-195,1305,1695
67.313,D,-12.6,292,1792,1208,D,-12.6,292,1792,1208
67.412,D,-6.7,10,1510,1490,D,-6.7,10,1510,1490
67.513,D,-10.0,270,1770,1230,D,-10.0,270,1770,1230
67.613,D,-6.1,-55,1445,1555,D,-6.1,-55,1445,1555
67.713,D,-2.5,-26,1474,1526,D,-2.5,-26,1474,1526
67.813,D,-15.4,400,1900,1100,D,-15.4,400,1900,1100
67.913,D,-1.2,-106,1394,1606,D,-1.2,-106,1394,1606
68.013,D,-18.6,400,1900,1100,D,-18.6,400,1900,1100
68.113,D,-7.4,34,1534,1466,D,-7.4,34,1534,1466
68.211,D,-4.4,43,1543,1457,D,-4.4,43,1543,1457
68.313,D,-0.6,-49,1451,1549,D,-0.6,-49,1451,1549
68.413,D,-20.8,400,1900,1100,D,-20.8,400,1900,1100
68.513,D,-2.2,-69,1431,1569,D,-2.2,-69,1431,1569
68.612,D,-3.5,71,1571,1429,D,-3.5,71,1571,1429
68.713,D,-0.3,-230,1270,1730,D,-0.3,-230,1270,1730
68.813,D,-22.8,400,1900,1100,D,-22.8,400,1900,1100
68.913,D,-2.2,-22,1478,1522,D,-2.2,-22,1478,1522
69.013,D,-2.9,-98,1402,1598,D,-2.9,-98,1402,1598
69.113,D,-8.4,158,1658,1342,D,-8.4,158,1658,1342
69.213,D,-3.7,85,1585,1415,D,-3.7,85,1585,1415
69.313,D,-11.7,400,1900,1100,D,-11.7,400,1900,1100
69.413,D,-11.6,342,1842,1158,D,-11.6,342,1842,1158
69.513,D,-1.2,-177,1323,1677,D,-1.2,-177,1323,1677
69.613,D,-19.6,400,1900,1100,D,-19.6,400,1900,1100
69.713,D,-2.9,-25,1475,1525,D,-2.9,-25,1475,1525
69.813,D,-2.6,-197,1303,1697,D,-2.6,-197,1303,1697
69.913,D,-1.8,-165,1335,1665,D,-1.8,-165,1335,1665
70.013,D,-2.9,-213,1287,1713,D,-2.9,-213,1287,1713
70.113,D,-21.2,400,1900,1100,D,-21.2,400,1900,1100
70.213,D,-1.9,-90,1410,1590,D,-1.9,-90,1410,1590
70.314,D,-19.6,400,1900,1100,D,-19.6,400,1900,1100
70.413,D,-2.2,-62,1438,1562,D,-2.2,-62,1438,1562
70.513,D,-3.7,151,1651,1349,D,-3.7,151,1651,1349
70.613,D,-9.1,53,1553,1447,D,-9.1,53,1553,1447
70.713,D,-16.3,400,1900,1100,D,-16.3,400,1900,1100
70.813,D,-1.9,53,1553,1447,D,-1.9,53,1553,1447
70.914,D,-16.4,400,1900,1100,D,-16.4,400,1900,1100
71.013,D,-4.2,-122,1378,1622,D,-4.2,-122,1378,1622
71.113,D,-2.4,-100,1400,1600,D,-2.4,-100,1400,1600
71.213,D,-18.9,400,1900,1100,D,-18.9,400,1900,1100
71.313,D,-1.9,-46,1454,1546,D,-1.9,-46,1454,1546
71.413,D,-15.7,400,1900,1100,D,-15.7,400,1900,1100
71.513,D,-3.7,-20,1480,1520,D,-3.7,-20,1480,1520
71.613,D,-1.1,-175,1325,1675,D,-1.1,-175,1325,1675
71.713,D,-27.8,400,1900,1100,D,-27.8,400,1900,1100
71.813,D,-3.0,-101,1399,1601,D,-3.0,-101,1399,1601
71.913,D,-10.1,295,1795,1205,D,-10.1,295,1795,1205
72.013,D,-11.1,350,1850,1150,D,-11.1,350,1850,1150
72.113,D,-5.8,97,1597,1403,D,-5.8,97,1597,1403
72.213,D,-13.7,400,1900,1100,D,-13.7,400,1900,1100
72.313,D,-3.4,-112,1388,1612,D,-3.4,-112,1388,1612
72.413,D,-3.8,-131,1369,1631,D,-3.8,-131,1369,1631
72.513,D,-22.1,400,1900,1100,D,-22.1,400,1900,1100
72.613,D,-1.8,-135,1365,1635,D,-1.8,-135,1365,1635
72.714,D,-12.8,400,1900,1100,D,-12.8,400,1900,1100
72.812,D,-1.6,0,1500,1500,D,-1.6,0,1500,1500
72.913,D,-16.5,400,1900,1100,D,-16.5,400,1900,1100
73.013,D,-6.3,101,1601,1399,D,-6.3,101,1601,1399
73.113,D,-8.3,365,1865,1135,D,-8.3,365,1865,1135
73.213,D,-5.0,181,1681,1319,D,-5.0,181,1681,1319
73.314,D,-26.9,400,1900,1100,D,-26.9,400,1900,1100
73.413,D,-3.2,-91,1409,1591,D,-3.2,-91,1409,1591
73.513,D,-11.0,193,1693,1307,D,-11.0,193,1693,1307
73.612,D,-5.3,-87,1413,1587,D,-5.3,-87,1413,1587
73.713,D,-4.3,-315,1185,1815,D,-4.3,-315,1185,1815
73.813,D,-2.0,-318,1182,1818,D,-2.0,-318,1182,1818
73.914,D,-0.6,-366,1134,1866,D,-0.6,-366,1134,1866
74.013,D,-13.0,282,1782,1218,D,-13.0,282,1782,1218
74.114,D,-13.6,400,1900,1100,D,-13.6,400,1900,1100
74.213,D,-9.1,400,1900,1100,D,-9.1,400,1900,1100
74.311,D,-4.1,246,1746,1254,D,-4.1,246,1746,1254
74.413,D,-7.4,342,1842,1158,D,-7.4,342,1842,1158
74.513,D,-4.6,113,1613,1387,D,-4.6,113,1613,1387
74.613,D,-3.4,-175,1325,1675,D,-3.4,-175,1325,1675
74.713,D,-9.5,125,1625,1375,D,-9.5,125,1625,1375
74.813,D,-8.7,326,1826,1174,D,-8.7,326,1826,1174
74.913,D,-8.2,218,1718,1282,D,-8.2,218,1718,1282
75.013,D,-9.3,115,1615,1385,D,-9.3,115,1615,1385
75.114,D,-4.5,-216,1284,1716,D,-4.5,-216,1284,1716
75.213,D,-3.2,-330,1170,1830,D,-3.2,-330,1170,1830
75.313,D,-4.2,-174,1326,1674,D,-4.2,-174,1326,1674
75.413,D,-3.1,-253,1247,1753,D,-3.1,-253,1247,1753
75.513,D,-15.4,360,1860,1140,D,-15.4,360,1860,1140
75.613,D,-7.0,288,1788,1212,D,-7.0,288,1788,1212
75.714,D,-12.3,317,1817,1183,D,-12.3,317,1817,1183
75.813,D,-3.6,-165,1335,1665,D,-3.6,-165,1335,1665
75.913,D,-4.2,-256,1244,1756,D,-4.2,-256,1244,1756
76.013,D,-4.9,64,1564,1436,D,-4.9,64,1564,1436
76.113,D,-3.7,-279,1221,1779,D,-3.7,-279,1221,1779
76.211,D,-10.0,320,1820,1180,D,-10.0,320,1820,1180
76.313,D,-2.2,-43,1457,1543,D,-2.2,-43,1457,1543
76.413,D,-19.9,400,1900,1100,D,-19.9,400,1900,1100
76.513,D,-4.4,-182,1318,1682,D,-4.4,-182,1318,1682
76.613,D,-0.3,-244,1256,1744,D,-0.3,-244,1256,1744
76.713,D,-16.2,400,1900,1100,D,-16.2,400,1900,1100
76.813,D,-1.8,-3,1497,1503,D,-1.8,-3,1497,1503
76.914,D,-18.8,400,1900,1100,D,-18.8,400,1900,1100
77.013,D,-2.3,-71,1429,1571,D,-2.3,-71,1429,1571
77.113,D,-7.0,87,1587,1413,D,-7.0,87,1587,1413
77.213,D,-19.9,400,1900,1100,D,-19.9,400,1900,1100
77.313,D,-5.7,305,1805,1195,D,-5.7,305,1805,1195
77.413,D,-1.2,-166,1334,1666,D,-1.2,-166,1334,1666
77.514,D,-3.9,-133,1367,1633,D,-3.9,-133,1367,1633
77.613,D,-4.4,-197,1303,1697,D,-4.4,-197,1303,1697
77.713,D,-3.1,-135,1365,1635,D,-3.1,-135,1365,1635
77.813,D,-6.4,-15,1485,1515,D,-6.4,-15,1485,1515
77.913,D,-0.6,-311,1189,1811,D,-0.6,-311,1189,1811
78.013,D,-24.6,400,1900,1100,D,-24.6,400,1900,1100
78.113,D,-2.3,-237,1263,1737,D,-2.3,-237,1263,1737
78.213,D,-2.6,-138,1362,1638,D,-2.6,-138,1362,1638
78.313,D,-3.4,53,1553,1447,D,-3.4,53,1553,1447
78.413,D,-12.2,400,1900,1100,D,-12.2,400,1900,1100
78.513,D,-2.9,-122,1378,1622,D,-2.9,-122,1378,1622
78.613,D,-8.0,-41,1459,1541,D,-8.0,-41,1459,1541
78.714,D,-2.1,-128,1372,1628,D,-2.1,-128,1372,1628
78.813,D,-27.4,400,1900,1100,D,-27.4,400,1900,1100
78.913,D,-2.8,-127,1373,1627,D,-2.8,-127,1373,1627
79.013,D,-14.7,400,1900,1100,D,-14.7,400,1900,1100
79.113,D,-2.7,-240,1260,1740,D,-2.7,-240,1260,1740
79.213,D,-20.2,400,1900,1100,D,-20.2,400,1900,1100
79.314,D,-2.2,-34,1466,1534,D,-2.2,-34,1466,1534
79.413,D,-18.8,400,1900,1100,D,-18.8,400,1900,1100
79.513,D,-2.3,-164,1336,1664,D,-2.3,-164,1336,1664
79.613,D,-3.8,-108,1392,1608,D,-3.8,-108,1392,1608
79.714,D,-20.9,400,1900,1100,D,-20.9,400,1900,1100
79.813,D,-2.4,-57,1443,1557,D,-2.4,-57,1443,1557
79.914,D,-21.6,400,1900,1100,D,-21.6,400,1900,1100
80.013,D,-2.5,-177,1323,1677,D,-2.5,-177,1323,1677
80.113,D,-7.5,-154,1346,1654,D,-7.5,-154,1346,1654
80.213,D,-14.2,308,1808,1192,D,-14.2,308,1808,1192
80.313,D,-5.3,-121,1379,1621,D,-5.3,-121,1379,1621
80.413,D,-0.5,-400,1100,1900,D,-0.5,-400,1100,1900
80.514,D,0.7,-400,1100,1900,D,0.7,-400,1100,1900
80.613,D,-3.3,-395,1105,1895,D,-3.3,-395,1105,1895
80.713,D,-7.1,-248,1252,1748,D,-7.1,-248,1252,1748
80.813,D,-7.2,-24,1476,1524,D,-7.2,-24,1476,1524
80.913,D,-11.0,254,1754,1246,D,-11.0,254,1754,1246
81.013,D,-1.0,-303,1197,1803,D,-1.0,-303,1197,1803
81.113,D,-8.1,131,1631,1369,D,-8.1,131,1631,1369
81.213,D,-14.7,400,1900,1100,D,-14.7,400,1900,1100
81.313,D,-1.6,-310,1190,1810,D,-1.6,-310,1190,1810
81.413,D,-10.4,180,1680,1320,D,-10.4,180,1680,1320
81.513,D,-1.0,-277,1223,1777,D,-1.0,-277,1223,1777
81.613,D,-1.9,-194,1306,1694,D,-1.9,-194,1306,1694
81.714,D,-0.5,-400,1100,1900,D,-0.5,-400,1100,1900
81.813,D,-1.5,-372,1128,1872,D,-1.5,-372,1128,1872
81.914,D,-18.5,400,1900,1100,D,-18.5,400,1900,1100
82.011,D,-13.3,3,1503,1497,D,-13.3,3,1503,1497
82.113,D,-9.1,156,1656,1344,D,-9.1,156,1656,1344
82.214,D,-18.6,400,1900,1100,D,-18.6,400,1900,1100
82.314,D,-12.6,388,1888,1112,D,-12.6,388,1888,1112
82.413,D,-12.0,370,1870,1130,D,-12.0,370,1870,1130
82.514,D,-16.2,400,1900,1100,D,-16.2,400,1900,1100
82.613,D,-2.6,400,1900,1100,D,-2.6,400,1900,1100
82.713,D,-14.9,400,1900,1100,D,-14.9,400,1900,1100
82.813,D,-1.7,37,1537,1463,D,-1.7,37,1537,1463
82.914,D,-0.6,-400,1100,1900,D,-0.6,-400,1100,1900
83.013,D,1.1,-400,1100,1900,D,1.1,-400,1100,1900
83.113,D,-4.8,-252,1248,1752,D,-4.8,-252,1248,1752
83.213,D,-12.2,222,1722,1278,D,-12.2,222,1722,1278
83.313,D,-21.2,400,1900,1100,D,-21.2,400,1900,1100
83.413,D,-2.5,-28,1472,1528,D,-2.5,-28,1472,1528
83.513,D,-5.9,88,1588,1412,D,-5.9,88,1588,1412
83.613,D,-5.8,400,1900,1100,D,-5.8,400,1900,1100
83.714,D,-11.5,317,1817,1183,D,-11.5,317,1817,1183
83.813,D,-6.8,49,1549,1451,D,-6.8,49,1549,1451
83.914,D,-1.0,-307,1193,1807,D,-1.0,-307,1193,1807
84.013,D,-7.7,48,1548,1452,D,-7.7,48,1548,1452
84.114,D,-2.8,-227,1273,1727,D,-2.8,-227,1273,1727
84.213,D,0.3,-400,1100,1900,D,0.3,-400,1100,1900
84.313,D,-0.1,-400,1100,1900,D,-0.1,-400,1100,1900
84.413,D,-20.7,400,1900,1100,D,-20.7,400,1900,1100
84.513,D,-12.5,400,1900,1100,D,-12.5,400,1900,1100
84.613,D,-2.1,-158,1342,1658,D,-2.1,-158,1342,1658
84.711,D,-8.2,190,1690,1310,D,-8.2,190,1690,1310
84.813,D,-3.0,-134,1366,1634,D,-3.0,-134,1366,1634
84.913,D,-7.9,84,1584,1416,D,-7.9,84,1584,1416
85.013,D,-18.8,400,1900,1100,D,-18.8,400,1900,1100
85.113,D,-6.2,188,1688,1312,D,-6.2,188,1688,1312
85.213,D,-2.7,151,1651,1349,D,-2.7,151,1651,1349
85.314,D,-4.6,400,1900,1100,D,-4.6,400,1900,1100
85.413,D,-9.2,400,1900,1100,D,-9.2,400,1900,1100
85.513,D,-1.4,-400,1100,1900,D,-1.4,-400,1100,1900
85.611,D,-73.8,0,1100,1900,D,-73.8,0,1100,1900
85.711,D,-61.4,0,1100,1900,D,-61.4,0,1100,1900
85.811,D,-15.3,0,1100,1900,D,-15.3,0,1100,1900
85.911,D,-17.6,0,1100,1900,D,-17.6,0,1100,1900
86.011,D,-23.1,0,1100,1900,D,-23.1,0,1100,1900
86.111,D,-51.5,0,1100,1900,D,-51.5,0,1100,1900
86.211,D,-39.2,0,1100,1900,D,-39.2,0,1100,1900
86.311,D,-48.0,0,1100,1900,D,-48.0,0,1100,1900
86.412,D,-53.4,0,1100,1900,D,-53.4,0,1100,1900
86.512,D,-50.4,0,1100,1900,D,-50.4,0,1100,1900
86.612,D,-56.8,0,1100,1900,D,-56.8,0,1100,1900
86.711,D,-47.8,0,1100,1900,D,-47.8,0,1100,1900
86.811,D,-7.2,0,1100,1900,D,-7.2,0,1100,1900
86.911,D,6.3,0,1100,1900,D,6.3,0,1100,1900
87.011,D,4.7,0,1100,1900,D,4.7,0,1100,1900
87.112,D,-0.1,0,1100,1900,D,-0.1,0,1100,1900
87.211,D,-0.2,0,1100,1900,D,-0.2,0,1100,1900
87.313,D,0.1,-234,1266,1734,D,0.1,-234,1266,1734
87.413,D,-2.5,400,1900,1100,D,-2.5,400,1900,1100
87.513,D,-7.7,125,1625,1375,D,-7.7,125,1625,1375
87.613,D,-0.9,80,1580,1420,D,-0.9,80,1580,1420
87.714,D,-0.1,125,1625,1375,D,-0.1,125,1625,1375
87.813,D,-2.3,228,1728,1272,D,-2.3,228,1728,1272
87.914,D,-2.2,400,1900,1100,D,-2.2,400,1900,1100
88.013,D,-2.5,-22,1478,1522,D,-2.5,-22,1478,1522
88.113,D,-2.6,-291,1209,1791,D,-2.6,-291,1209,1791
88.213,D,0.3,-310,1190,1810,D,0.3,-310,1190,1810
88.314,D,-2.0,-400,1100,1900,D,-2.0,-400,1100,1900
88.413,D,-0.8,40,1540,1460,D,-0.8,40,1540,1460
88.513,D,-2.0,400,1900,1100,D,-2.0,400,1900,1100
88.613,D,-2.0,361,1861,1139,D,-2.0,361,1861,1139
88.715,D,-0.5,135,1635,1365,D,-0.5,135,1635,1365
88.715,MSG,,,,, Motor: OFF (offset=89.9)
